Name,Segment,Phone,WhatsApp,Category,SearchArea,Address,Reviews,Priority,HasWebsiteOnMaps,Status,Notes
MUZIRA Audit Accounting & Tax Consulting Firm,Consultancy,+256782210277,https://wa.me/256782210277,Accounting firm,Kampala,Parliament Ave,17,Medium,no,Not contacted,
GAD ROGERS,Consultancy,+256784311866,https://wa.me/256784311866,Media consultant,Entebbe,Kampala - Entebbe Expy,12,Medium,no,Not contacted,
YESU AYEE LONYO ELECTRICAL CIVIL AND PAINTING SERVICES,Consultancy,+256766832646,https://wa.me/256766832646,Engineering consultant,Gulu,Bank Ln,12,Medium,no,Not contacted,
Ruplus Uganda,Consultancy,+256751822234,https://wa.me/256751822234,Financial consultant,Mbarara,9MV3+4QQ,12,Medium,no,Not contacted,
Greenfield Business And Management Consultants,Consultancy,+256784137519,https://wa.me/256784137519,Consultant,Kampala,Jinja Road UMA Show Grounds,10,Medium,no,Not contacted,
Climax Management Ug,Consultancy,+256781159911,https://wa.me/256781159911,Business management consultant,Lira,Lira university road,8,Medium,no,Not contacted,
KELI ACCOUNTANCY & TAXATION SERVICE,Consultancy,+256758608604,https://wa.me/256758608604,Tax preparation service,Kampala,8MX7+69V near Mandela National Stadium,7,Medium,no,Not contacted,
BTG BRIAN OFFICIAL,Consultancy,+256755388263,https://wa.me/256755388263,Consultant,Jinja,,7,Medium,no,Not contacted,
TEF Uganda,Consultancy,+256700719744,https://wa.me/256700719744,Educational consultant,Soroti,PH6W+F2P,7,Medium,no,Not contacted,
Nexus Engineering Company,Consultancy,+256748142229,https://wa.me/256748142229,Engineering consultant,Kampala,,5,Medium,no,Not contacted,
Electra HR Consultancy,Consultancy,+256787484406,https://wa.me/256787484406,Human resource consulting,Kampala,"9JJC+5MQ, Bulabira Rd",5,Medium,no,Not contacted,
TIMO Associates,Consultancy,+256772647622,https://wa.me/256772647622,Accountant,Lira,"Fame City Building, 6/7 Lira - Gulu Rd",4,Low,no,Not contacted,
Guardian Multiservice Axis ltd,Consultancy,+256760974226,https://wa.me/256760974226,Business management consultant,Entebbe,Plot 19 Portal Rd,3,Low,no,Not contacted,
Good News Property Consultants,Consultancy,+256778059780,https://wa.me/256778059780,Real estate consultant,Mukono,,3,Low,no,Not contacted,
Joce Gifted Technologies,Consultancy,+256778355322,https://wa.me/256778355322,Computer consultant,Soroti,Main Street,3,Low,no,Not contacted,
Honest Management Company,Consultancy,+256741444444,https://wa.me/256741444444,Business management consultant,Kampala,"Olive mall, second floor Naalya Rd",2,Low,no,Not contacted,
Mareal Consultancy,Consultancy,+256788923320,https://wa.me/256788923320,Business management consultant,Kampala,"8JG8+9RH, New Port Bell Rd",2,Low,no,Not contacted,
Josh Tax & Consulting Services,Consultancy,+256771654553,https://wa.me/256771654553,Tax consultant,Kampala,Ntinda Business Village,2,Low,no,Not contacted,
Jimmy lines international limited,Consultancy,+256776706473,https://wa.me/256776706473,Human resource consulting,Kampala,8JVX+H23,2,Low,no,Not contacted,
Aryami Consults,Consultancy,+256700170635,https://wa.me/256700170635,Investment company,Entebbe,Research Rd,2,Low,no,Not contacted,
MERAVEE CONSULTANTS,Consultancy,+256701531418,https://wa.me/256701531418,Consultant,Jinja,Plot 5 Main St,2,Low,no,Not contacted,
Creative Maven Educational Consultancy,Consultancy,+256703698694,https://wa.me/256703698694,Educational consultant,Mukono,9P87+6RG,2,Low,no,Not contacted,
Pamike Engineering Limited,Consultancy,+256778253436,https://wa.me/256778253436,Engineering consultant,Gulu,"Plot 14/16 Hotel Roma Building, Coronation Rd",2,Low,no,Not contacted,
Mshilla M&B Consultants Ltd,Consultancy,+256772864642,https://wa.me/256772864642,Business management consultant,Gulu,"Q7FX+FHG, Bank Ln",2,Low,no,Not contacted,
Alidade consultants limited,Consultancy,+256785308429,https://wa.me/256785308429,Agricultural service,Lira,"Bazaar road, Renzo city house",2,Low,no,Not contacted,
Spencer Associated Advocates,Consultancy,+256743163737,https://wa.me/256743163737,Law firm,Iganga,Plot 21 Independence Road,2,Low,no,Not contacted,
Geostatic Surveys and Engineering Consultants Limited,Consultancy,+256779966553,https://wa.me/256779966553,Engineering consultant,Tororo,Plot 2 Kashmir Street,2,Low,no,Not contacted,
REU CONSULTANTS LIMITED,Consultancy,+256780852953,https://wa.me/256780852953,Land surveying office,Soroti,Main Street,2,Low,no,Not contacted,
Mias Civil Engineering and Telecommunication Services,Consultancy,+256772916513,https://wa.me/256772916513,Engineering consultant,Kampala,Jinja rd highway,1,Low,no,Not contacted,
NOBLE RESEARCH & DATA SOLUTIONS,Consultancy,+256781546471,https://wa.me/256781546471,Consultant,Kampala,,1,Low,no,Not contacted,
Douglas Academic Consultancy,Consultancy,+256751800214,https://wa.me/256751800214,Educational consultant,Entebbe,Plot 32 Lunnyo Road,1,Low,no,Not contacted,
Mulondo Business Consults,Consultancy,+256786163482,https://wa.me/256786163482,Business management consultant,Jinja,Clive Rd,1,Low,no,Not contacted,
E-Learning Hub Ug,Consultancy,+256752145994,https://wa.me/256752145994,Educational consultant,Jinja,Jinja,1,Low,no,Not contacted,
Hawk FX,Consultancy,+256752299725,https://wa.me/256752299725,Financial consultant,Mukono,,1,Low,no,Not contacted,
Maritra,Consultancy,+256783669846,https://wa.me/256783669846,Engineering consultant,Mbarara,"Kyosiga house, Makhansingh street",1,Low,no,Not contacted,
Proland Consulting Surveyors,Consultancy,+256774539223,https://wa.me/256774539223,Real estate consultant,Mbarara,"BAM Complex, Plot 7/9, 14B High Street",1,Low,no,Not contacted,
CA Consultants,Consultancy,+256701475205,https://wa.me/256701475205,Consultant,Fort Portal,"M7FQ+HC9, Mukasenyi",1,Low,no,Not contacted,
Katembeko & Co. Advocates,Consultancy,+256782009502,https://wa.me/256782009502,Legal services,Fort Portal,"Magric Building, Plot 25 Bwamba Rd",1,Low,no,Not contacted,
YunHill Associates Audit Firm,Consultancy,+256752047914,https://wa.me/256752047914,Auditor,Fort Portal,M75G+76X,1,Low,no,Not contacted,
WESTNILE Arua-city Events and business consultants,Consultancy,+256775090745,https://wa.me/256775090745,Consultant,Arua,"Cafeteria building, Hospital Rd",1,Low,no,Not contacted,
SKY TRANS AGENCIES LTD,Consultancy,+256777444452,https://wa.me/256777444452,Engineering consultant,Arua,"2WG8+3F6, Rhino Camp Road",1,Low,no,Not contacted,
Ross And Company Consultants Auditors And Accountants,Consultancy,+256772608003,https://wa.me/256772608003,Financial consultant,Lira,"6VRV+88J, Maruzi Rd",1,Low,no,Not contacted,
Wathom Consults,Consultancy,+256779510783,https://wa.me/256779510783,Tax consultant,Lira,Rwot Aler Road,1,Low,no,Not contacted,
Nitus solutions Limited,Consultancy,+256704688401,https://wa.me/256704688401,Consultant,Iganga,"Room 2 Nyende building, Iganga Highway",1,Low,no,Not contacted,
KHM INTERNATIONAL CONSULTANTS LIMITED IGANGA,Consultancy,+256759892919,https://wa.me/256759892919,Recruiter,Iganga,Plot 12 School Lane,1,Low,no,Not contacted,
Ives Advocates,Consultancy,+256702613841,https://wa.me/256702613841,Legal services,Tororo,Plot 39 Upper Bazaar St,1,Low,no,Not contacted,
SKYRICH M.R ASSOCIATES,Consultancy,+256781384002,https://wa.me/256781384002,Tax consultant,Kampala,"Kireka trading center, Mamerito building",0,Low,no,Not contacted,
Stavat Engineering consults (SEC),Consultancy,+256788125038,https://wa.me/256788125038,Engineering consultant,Kampala,Kabaka Rd,0,Low,no,Not contacted,
CHARIS EDUCATIONAL SERVICES KAMPALA,Consultancy,+256789641327,https://wa.me/256789641327,Educational consultant,Kampala,Opposite Shell Petrol Station,0,Low,no,Not contacted,
exodus education services,Consultancy,+256776957503,https://wa.me/256776957503,Educational consultant,Kampala,"Adam street, Kamuli Rd",0,Low,no,Not contacted,
M-tech Consults,Consultancy,+256772605057,https://wa.me/256772605057,Consultant,Entebbe,,0,Low,no,Not contacted,
Flawless Consultants Limited,Consultancy,+256753221177,https://wa.me/256753221177,Consultant,Entebbe,3F27+FFG Joritah gardens,0,Low,no,Not contacted,
VERITAS PUBLIC ADVISORY,Consultancy,+256782806242,https://wa.me/256782806242,Business management consultant,Entebbe,"Katabi Town Council, Kitala",0,Low,no,Not contacted,
Star Consultants Limited,Consultancy,+256785452307,https://wa.me/256785452307,Consultant,Jinja,Nile Ave,0,Low,no,Not contacted,
Shon engineering consultant and contractors limited,Consultancy,+256767373243,https://wa.me/256767373243,Engineering consultant,Jinja,,0,Low,no,Not contacted,
Mutual Engineering and Logistics,Consultancy,+256777065343,https://wa.me/256777065343,Engineering consultant,Mukono,Muyiga St,0,Low,no,Not contacted,
White Horn Consults,Consultancy,+256701354461,https://wa.me/256701354461,Consultant,Gulu,Gulu - Patiko Rd,0,Low,no,Not contacted,
Hygenix enterprise,Consultancy,+256791122002,https://wa.me/256791122002,Educational consultant,Gulu,Goans quarter,0,Low,no,Not contacted,
Kastomking Consultancy (U) Ltd,Consultancy,+256772588207,https://wa.me/256772588207,Business management consultant,Gulu,"Q7CQ+X68, Juba Road",0,Low,no,Not contacted,
DEROWAH Research and Consultancy Services,Consultancy,+256776125465,https://wa.me/256776125465,Consultant,Gulu,Queens,0,Low,no,Not contacted,
AMOR CONNECT CONSULT,Consultancy,+256777485195,https://wa.me/256777485195,Business management consultant,Gulu,"Q7FX+5QC, Aliker",0,Low,no,Not contacted,
David 7 Clinic Mbarara Branch,Consultancy,+256787325894,https://wa.me/256787325894,Health consultant,Mbarara,Mbarara Mahembe Gente,0,Low,no,Not contacted,
Economic tutorials,Consultancy,+256762606116,https://wa.me/256762606116,Educational consultant,Mbarara,Kakoba Kasingyengye line 1,0,Low,no,Not contacted,
Sua Consults,Consultancy,+256772577018,https://wa.me/256772577018,Consultant,Mbarara,,0,Low,no,Not contacted,
Amocat Engineering Solution,Consultancy,+256701355809,https://wa.me/256701355809,Engineering consultant,Mbarara,Nyamitanga Division,0,Low,no,Not contacted,
RichConsult.com,Consultancy,+256782591869,https://wa.me/256782591869,Consultant,Fort Portal,,0,Low,no,Not contacted,
SARLAN EDUCATION AND RESEARCH SERVICES CO LTD,Consultancy,+256776428589,https://wa.me/256776428589,Educational consultant,Fort Portal,Plot 10 Buga Road,0,Low,no,Not contacted,
I'm Bright brain,Consultancy,+256751993149,https://wa.me/256751993149,Educational consultant,Fort Portal,"M74J+FFF, Mugurusi Rd",0,Low,no,Not contacted,
Etovos Consults Limited,Consultancy,+256773906553,https://wa.me/256773906553,Engineering consultant,Arua,Pakwach Road,0,Low,no,Not contacted,
Ariiwa Consults and Company Ltd,Consultancy,+256788739918,https://wa.me/256788739918,Consultant,Arua,"2WC6+RHF, Transport Rd",0,Low,no,Not contacted,
RELATIVITY CONSULTANCY,Consultancy,+256779654654,https://wa.me/256779654654,Economic consultant,Arua,Ediofe Rd,0,Low,no,Not contacted,
Vartex technical services (u) Ltd,Consultancy,+256777622201,https://wa.me/256777622201,Engineering consultant,Arua,Omgbokolo park,0,Low,no,Not contacted,
LO Consultancy,Consultancy,+256770567291,https://wa.me/256770567291,Educational consultant,Lira,Obote Avenue,0,Low,no,Not contacted,
BIJ CONSULTS,Consultancy,+256775157744,https://wa.me/256775157744,Consultant,Lira,Obote Ave,0,Low,no,Not contacted,
DAMERO CONSULTANCY LTD,Consultancy,+256773666449,https://wa.me/256773666449,Tax consultant,Lira,Oyite Ojok Lane,0,Low,no,Not contacted,
Jacob,Consultancy,+256769036725,https://wa.me/256769036725,Engineering consultant,Lira,Lira - Soroti Rd,0,Low,no,Not contacted,
Ocaya alex Business consultant,Consultancy,+256701043966,https://wa.me/256701043966,Business management consultant,Lira,Boroboro,0,Low,no,Not contacted,
Driptech Ltd Lira Branch,Consultancy,+256786479400,https://wa.me/256786479400,Engineering consultant,Lira,Obote Ave,0,Low,no,Not contacted,
FRINN CONSULTS (U) LTD,Consultancy,+256777608240,https://wa.me/256777608240,Financial audit,Lira,6 Lira - Gulu Rd,0,Low,no,Not contacted,
Northern Uganda Statistical Consultants Nu-Stac,Consultancy,+256704349005,https://wa.me/256704349005,Consultant,Lira,Lira District Chambers,0,Low,no,Not contacted,
AL-FATUH CONSULTANTS LIMITED,Consultancy,+256782870902,https://wa.me/256782870902,Human resource consulting,Iganga,53 Main St,0,Low,no,Not contacted,
Quest consultants international Ltd,Consultancy,+256772258654,https://wa.me/256772258654,Consultant,Iganga,,0,Low,no,Not contacted,
Gibson Environmental Solution,Consultancy,+256701330020,https://wa.me/256701330020,Environmental consultant,Iganga,Nakigo Rd,0,Low,no,Not contacted,
Phenma Ventures Company Limited,Consultancy,+256754227534,https://wa.me/256754227534,Consultant,Iganga,Opp Iganga Municipal Council,0,Low,no,Not contacted,
Mukose eric,Consultancy,+256754078898,https://wa.me/256754078898,Engineering consultant,Iganga,"JF8H+62W, Old Market St",0,Low,no,Not contacted,
AJR Metadata Consultants,Consultancy,+256785320709,https://wa.me/256785320709,Consultant,Tororo,,0,Low,no,Not contacted,
Emma pilado,Consultancy,+256730555960,https://wa.me/256730555960,Consultant,Tororo,,0,Low,no,Not contacted,
KAIKEDE ASSOCIATES,Consultancy,+256778875248,https://wa.me/256778875248,Legal services,Tororo,"1st Floor Shopping Mall, G3 Market Street",0,Low,no,Not contacted,
OgwAshi Uganda Limited,Consultancy,+256777855811,https://wa.me/256777855811,Tax consultant,Tororo,Hillary Rd,0,Low,no,Not contacted,
Kireka charity foundation,Consultancy,+256782292389,https://wa.me/256782292389,Business management consultant,Tororo,Tororo district,0,Low,no,Not contacted,
kotvin technologies ltd,Consultancy,+256704881333,https://wa.me/256704881333,Liquidator,Tororo,M5HP+7JW,0,Low,no,Not contacted,
Elevation Consults ltd,Consultancy,+256787578570,https://wa.me/256787578570,Consultant,Soroti,"Plot 9, 12 Kennedy Square",0,Low,no,Not contacted,
Onyal Consults ltd,Consultancy,+256752509844,https://wa.me/256752509844,Consultant,Soroti,"PJ62+HP8, Ajena Rd",0,Low,no,Not contacted,
Benjamin Business Consultancy,Consultancy,+256784997312,https://wa.me/256784997312,Tax consultant,Soroti,Plot 22 Oumo Road,0,Low,no,Not contacted,
Qecl,Consultancy,+256772999346,https://wa.me/256772999346,Consultant,Soroti,Plot 9 Old Mbale Rd,0,Low,no,Not contacted,
Houston Executive Consulting,Consultancy,+256700801771,https://wa.me/256700801771,Business management consultant,Kampala,"Plot 4254 Magambo Road, Mulangira Close",360,High,yes,Not contacted,
Smarklinks Education Consultants,Consultancy,+256701502297,https://wa.me/256701502297,Educational consultant,Kampala,"6th Floor, BMK House",99,High,yes,Not contacted,
Innovation Consortium,Consultancy,+256702869489,https://wa.me/256702869489,Engineering consultant,Mukono,"Plot 723 Nvule lane, Kiira town council",68,High,yes,Not contacted,
ENACTIVE STUDY LINK,Consultancy,+256786395503,https://wa.me/256786395503,Educational consultant,Kampala,"Church Street Mall, Bukoto",67,High,yes,Not contacted,
WR Education Placement Consultant,Consultancy,+256702628446,https://wa.me/256702628446,Consultant,Kampala,Ssenyondo Cl,58,High,yes,Not contacted,
WUNNA EDUCATIONAL SERVICES,Consultancy,+256788463703,https://wa.me/256788463703,Educational consultant,Kampala,,31,High,yes,Not contacted,
Planet Education Consultants,Consultancy,+256783440953,https://wa.me/256783440953,Educational consultant,Kampala,"Susie House, Plot 1001 Ggaba Road",27,High,yes,Not contacted,
JABULANI ENGINEERING LTD,Consultancy,+256754011000,https://wa.me/256754011000,Engineering consultant,Mukono,"Jabulani House, Plot 1904 Bajjo Rd",26,High,yes,Not contacted,
IMK Engineering Company Ltd,Consultancy,+256759821852,https://wa.me/256759821852,Engineering consultant,Kampala,8JXC+JPH,24,High,yes,Not contacted,
Doctar Freddie,Consultancy,+256751335052,https://wa.me/256751335052,Marketing consultant,Gulu,3 Princess Rd,24,High,yes,Not contacted,
KODI Associates,Consultancy,+256759752151,https://wa.me/256759752151,Accounting firm,Kampala,Impala House,23,High,yes,Not contacted,
Gridway Engineering Services LTD,Consultancy,+256702872330,https://wa.me/256702872330,Engineering consultant,Kampala,"9J5M+MRG, Upper Estate",23,High,yes,Not contacted,
Uganda Association of Consulting Engineers,Consultancy,+256787274424,https://wa.me/256787274424,Engineering consultant,Kampala,Plot 17 Martyrs' Way,22,High,yes,Not contacted,
DigBit Technologies,Consultancy,+256705925229,https://wa.me/256705925229,Computer consultant,Mbarara,,21,High,yes,Not contacted,
256 Tax Consultants,Consultancy,+256773987457,https://wa.me/256773987457,Tax preparation service,Kampala,Cham Towers,20,High,yes,Not contacted,
SANKOFA CONSULTING ENGINEERS,Consultancy,+256766055271,https://wa.me/256766055271,Engineering consultant,Kampala,,17,Medium,yes,Not contacted,
Mark Engineering Associates Ltd,Consultancy,+256759403076,https://wa.me/256759403076,Engineering consultant,Kampala,,17,Medium,yes,Not contacted,
Smart Insights Limited,Consultancy,+256756266266,https://wa.me/256756266266,Educational consultant,Kampala,"Spear House, Plot 22 Jinja Road",16,Medium,yes,Not contacted,
NBK-Premier Solutions Investment/Business Consultancy,Consultancy,+256704597816,https://wa.me/256704597816,Business management consultant,Kampala,"Plot 628, Ssentongo Close, Ring road",14,Medium,yes,Not contacted,
MUKAGO GET-UP-AND GO LTD,Consultancy,+256750794937,https://wa.me/256750794937,Consultant,Fort Portal,,12,Medium,yes,Not contacted,
EBC,Consultancy,+256780684716,https://wa.me/256780684716,Business management consultant,Kampala,"4th Floor, The Acacia Mall, Cooper Road",10,Medium,yes,Not contacted,
LITARM CONSULTS,Consultancy,+256793187753,https://wa.me/256793187753,Business management consultant,Kampala,"Mirage Complex, Plot 756 Port Bell Rd",6,Medium,yes,Not contacted,
AM WEST ENGINEERING CONSULT LTD,Consultancy,+256774372919,https://wa.me/256774372919,Engineering consultant,Kampala,"Kalanzi Complex, Kireka Road",6,Medium,yes,Not contacted,
Indo Afric HR,Consultancy,+256772740408,https://wa.me/256772740408,Human resource consulting,Kampala,"13th Floor, DTB Centre, Kampala Road",6,Medium,yes,Not contacted,
Summit Consulting Ltd,Consultancy,+256782610333,https://wa.me/256782610333,Business management consultant,Kampala,Kayondo Rd,5,Medium,yes,Not contacted,
Alison Consults Ltd,Consultancy,+256761769290,https://wa.me/256761769290,Engineering consultant,Kampala,"9J8W+25Q, Northern Bypass Hwy",5,Medium,yes,Not contacted,
Global Amet Allies (GAA) Ltd,Consultancy,+256778144153,https://wa.me/256778144153,Environmental consultant,Mukono,Plot 504 Dino Rd,5,Medium,yes,Not contacted,
Maarifasasa Limited,Consultancy,+256770729228,https://wa.me/256770729228,Educational consultant,Lira,Plot 26 Boundary Road,5,Medium,yes,Not contacted,
Harvest Point Agri Consultants Uganda,Consultancy,+256779793214,https://wa.me/256779793214,Agricultural service,Entebbe,Lyamutundwe,4,Low,yes,Not contacted,
Beleon Consultants,Consultancy,+256759488894,https://wa.me/256759488894,Consultant,Jinja,"C6M6+7QR, Main St",4,Low,yes,Not contacted,
GPS (Geometric Point Solutions),Consultancy,+256773293432,https://wa.me/256773293432,Consultant,Lira,"Suite F12, Plot 1 Lira - Soroti Rd",4,Low,yes,Not contacted,
E.Angura & Co. Advocates,Consultancy,+256772172719,https://wa.me/256772172719,Legal services,Kampala,,3,Low,yes,Not contacted,
SAVIA JOB CONSULTANTS,Consultancy,+256745309353,https://wa.me/256745309353,Human resource consulting,Kampala,"Fidenza Mall, Bukoto",3,Low,yes,Not contacted,
Seam Outsourcing Ltd,Consultancy,+256777777748,https://wa.me/256777777748,Human resource consulting,Kampala,"8JC3+G9F, Second St",3,Low,yes,Not contacted,
SHANTIE TECHNICAL ENGINEERING SERVICES,Consultancy,+256701487119,https://wa.me/256701487119,Engineering consultant,Jinja,Mbiiko kasanjja zone,3,Low,yes,Not contacted,
KANE BUSINESS CONSULTANTS LTD,Consultancy,+256787878661,https://wa.me/256787878661,Business management consultant,Kampala,Mukulu Curve,2,Low,yes,Not contacted,
The TAX AGENT,Consultancy,+256751474334,https://wa.me/256751474334,Tax consultant,Kampala,,2,Low,yes,Not contacted,
BAATA Engineering Company Limited,Consultancy,+256772472525,https://wa.me/256772472525,Engineering consultant,Kampala,"Plot 1921, Kamuli Road, Kireka",2,Low,yes,Not contacted,
MUGUME RICHARD,Consultancy,+256709000894,https://wa.me/256709000894,Consultant,Mbarara,,2,Low,yes,Not contacted,
WEE Consortium Africa,Consultancy,+256758727865,https://wa.me/256758727865,Legal services,Iganga,Nampilika Kikongola,2,Low,yes,Not contacted,
IMK Business Consultants,Consultancy,+256706062417,https://wa.me/256706062417,Business management consultant,Kampala,"Tirupati Building 3rd Floor, Ntinda",1,Low,yes,Not contacted,
Afayo Tax Consult Ltd,Consultancy,+256781127217,https://wa.me/256781127217,Tax consultant,Kampala,Nakawa - Jinja Rd,1,Low,yes,Not contacted,
POWER GURU ENGINEERING SERVICES LTD,Consultancy,+256764641264,https://wa.me/256764641264,Engineering consultant,Kampala,Kinawataka Road,1,Low,yes,Not contacted,
SoliMat Engineering Company Ltd,Consultancy,+256748019314,https://wa.me/256748019314,Engineering consultant,Kampala,8JQV+HMV,1,Low,yes,Not contacted,
PAM PARTNERS LIMITED,Consultancy,+256754717460,https://wa.me/256754717460,Human resource consulting,Kampala,"Mirembe Plaza, Kampala - Jinja Hwy",1,Low,yes,Not contacted,
INBRIX CONSULTANTS,Consultancy,+256795925252,https://wa.me/256795925252,Educational consultant,Kampala,"National ICT Innovation Hub, Port Bell Rd",1,Low,yes,Not contacted,
Datasoft Consultancy Office,Consultancy,+256775006144,https://wa.me/256775006144,Educational consultant,Entebbe,"Nkumba University Law Gate, Business Road",1,Low,yes,Not contacted,
GENERATION NEXT UGANDA,Consultancy,+256701778686,https://wa.me/256701778686,Consultant,Jinja,"Plot 5 Main Street, The Innovation Village",1,Low,yes,Not contacted,
GeoTech Solutions,Consultancy,+256786030538,https://wa.me/256786030538,Engineering consultant,Jinja,"Plot 531 Block 295, Njeru Municipal Council",1,Low,yes,Not contacted,
Impact Options,Consultancy,+256787373535,https://wa.me/256787373535,Consultant,Gulu,"Plot 4, Paul Odong Road, Gulu City",1,Low,yes,Not contacted,
Royal Reach Investments Ltd,Consultancy,+256784763741,https://wa.me/256784763741,Business management consultant,Mbarara,Akiki Nyabongo Road,1,Low,yes,Not contacted,
PKIT Consultants Ltd,Consultancy,+256782733357,https://wa.me/256782733357,Computer consultant,Arua,Ediofe Rd,1,Low,yes,Not contacted,
Arua Innovation Clusters,Consultancy,+256700730859,https://wa.me/256700730859,Business management consultant,Arua,Muni Hill,1,Low,yes,Not contacted,
YUKON Contractors & Consultants LTD,Consultancy,+256775568022,https://wa.me/256775568022,Industrial real estate agency,Entebbe,Kampala - Entebbe Rd,0,Low,yes,Not contacted,
All in one set,Consultancy,+256793109379,https://wa.me/256793109379,Educational consultant,Jinja,35,0,Low,yes,Not contacted,
Immaculate Consultancy Services,Consultancy,+256703189724,https://wa.me/256703189724,Financial consultant,Mukono,9PF7+572,0,Low,yes,Not contacted,
Exactform engineering center,Consultancy,+256757064543,https://wa.me/256757064543,Engineering consultant,Gulu,Gulu - Kitgum Rd,0,Low,yes,Not contacted,
HBK Global EduHealth Ltd,Consultancy,+256787704399,https://wa.me/256787704399,Educational consultant,Mbarara,"Iqra Building, Victor Bwana Street, Ntare Road",0,Low,yes,Not contacted,
Tariq Consult ltd,Consultancy,+256789935207,https://wa.me/256789935207,Business management consultant,Arua,"Block B Room 101, KKT Plaza",0,Low,yes,Not contacted,
E-NET CONSULTANTS,Consultancy,+256770916660,https://wa.me/256770916660,Consultant,Arua,,0,Low,yes,Not contacted,
Kawil Business Development Solutions,Consultancy,+256788556650,https://wa.me/256788556650,Consultant,Lira,"Plot 1 Job Centre, Ireda Housing Estate",0,Low,yes,Not contacted,
GOSAN BUSINESS SOLUTION LIMITED,Consultancy,+256780150290,https://wa.me/256780150290,Engineering consultant,Lira,Plot 18A Ojwina Road,0,Low,yes,Not contacted,
Scelus Innovations,Consultancy,+256743347741,https://wa.me/256743347741,Business management consultant,Lira,"Bygon Foundation building, Maruzi road",0,Low,yes,Not contacted,
nanzige consultant,Consultancy,+256752480141,https://wa.me/256752480141,Computer service,Iganga,Iganga district plot 56,0,Low,yes,Not contacted,
GEMTECH Research and Data Analysis Co Ltd,Consultancy,+256786382298,https://wa.me/256786382298,Consultant,Soroti,"902124, Amen A",0,Low,yes,Not contacted,
Emuria Technologies,Consultancy,+256777174786,https://wa.me/256777174786,Consultant,Soroti,"Soroti, Lira-road Nakatunya",0,Low,yes,Not contacted,
AARONS ELECTRICAL SERVICES UG,Electrical,+256708643109,https://wa.me/256708643109,Electrical installation service,Kampala,William St,201,High,no,Not contacted,
ANDE_TECH POWER HUB,Electrical,+256753131509,https://wa.me/256753131509,Electrician,Kampala,,66,High,no,Not contacted,
Icone Electrical,Electrical,+256769463840,https://wa.me/256769463840,Electrician,Kampala,,43,High,no,Not contacted,
volt Electricians,Electrical,+256701854197,https://wa.me/256701854197,Electrical installation service,Kampala,64 Semawata Rd,18,Medium,no,Not contacted,
Jaso Electric Mart,Electrical,+256784838330,https://wa.me/256784838330,Electronics store,Lira,Plot 2B Maruzi Road,13,Medium,no,Not contacted,
SWALLEH ELECTRICAL SERVICES,Electrical,+256782156590,https://wa.me/256782156590,Electrical engineer,Arua,Nyamunuka Town Council High street,7,Medium,no,Not contacted,
SKYPA BUSINESS SOLUTION BUKAYE,Electrical,+256745884779,https://wa.me/256745884779,Electrician,Iganga,Bukaye Kaliro road,7,Medium,no,Not contacted,
KD Technical enterprises ltd,Electrical,+256706504224,https://wa.me/256706504224,Electrician,Mukono,,5,Medium,no,Not contacted,
K-JEREMYX ELECTRICALS,Electrical,+256771092144,https://wa.me/256771092144,Electrician,Tororo,Naguru Dr,5,Medium,no,Not contacted,
Apro-Ben Electrical centre,Electrical,+256772381354,https://wa.me/256772381354,Electronics store,Soroti,"PJ79+WJJ, Soroti-Lira Rd",5,Medium,no,Not contacted,
Powermax electric point,Electrical,+256701698784,https://wa.me/256701698784,Electrical installation service,Kampala,Old Butabika Rd,4,Low,no,Not contacted,
BK ELECTRICAL SERVICES LTD,Electrical,+256706076413,https://wa.me/256706076413,Electrical installation service,Entebbe,Kawafu Road,4,Low,no,Not contacted,
GEAR ELECTRICAL CONTRACTORS LTD,Electrical,+256792355472,https://wa.me/256792355472,Electrical engineer,Kampala,9J28+68R,3,Low,no,Not contacted,
Rwensha Electricals and solar systems,Electrical,+256701394678,https://wa.me/256701394678,Electrical installation service,Mbarara,Mbarara - Masaka Rd,3,Low,no,Not contacted,
Emmanuel Electrical and Solar Power,Electrical,+256783239737,https://wa.me/256783239737,Electrician,Fort Portal,Rukidi III St,3,Low,no,Not contacted,
JC Electrical & Graphic Solutions Lira City,Electrical,+256774979282,https://wa.me/256774979282,Electrical supply store,Lira,Kwania Rd,3,Low,no,Not contacted,
Electrical Engineering,Electrical,+256781512427,https://wa.me/256781512427,Electrician,Kampala,"8MW6+VPJ, Joke's hotel",2,Low,no,Not contacted,
Leqtrix electrical engineering,Electrical,+256789170541,https://wa.me/256789170541,Electrical installation service,Kampala,Plot 35 Robert Mugabe Rd,2,Low,no,Not contacted,
Sparky broz electricals Uganda,Electrical,+256761773289,https://wa.me/256761773289,Electrician,Entebbe,Nanziri close,2,Low,no,Not contacted,
KOMS ELECTRICAL COMPANY,Electrical,+256704165227,https://wa.me/256704165227,Electrical engineer,Entebbe,"3F6C+5MM, Main Street",2,Low,no,Not contacted,
Megawatts Electrical Solutions,Electrical,+256700234222,https://wa.me/256700234222,Electrical installation service,Entebbe,"3G96+VG5, Nkumba",2,Low,no,Not contacted,
Vinix Tech electrical,Electrical,+256741098921,https://wa.me/256741098921,Electrician,Jinja,,2,Low,no,Not contacted,
HOPE P'LACEL INV LTD,Electrical,+256771602137,https://wa.me/256771602137,Electrical installation service,Gulu,Kampala - Gulu Hwy,2,Low,no,Not contacted,
Energy first Electro Centre,Electrical,+256787184512,https://wa.me/256787184512,Electrical installation service,Mbarara,Rubindi Mbarara-Ibanda Road,2,Low,no,Not contacted,
KK Electrical Centre,Electrical,+256772479968,https://wa.me/256772479968,Electrical supply store,Fort Portal,M73F+85J,2,Low,no,Not contacted,
MOSE ELECTRICAL SOLUTION,Electrical,+256760411845,https://wa.me/256760411845,Electrician,Iganga,,2,Low,no,Not contacted,
Giron Electrical Contractors Ltd,Electrical,+256740371215,https://wa.me/256740371215,Electrical installation service,Kampala,Gayaza Road,1,Low,no,Not contacted,
Mog electrical solutions ltd,Electrical,+256705707672,https://wa.me/256705707672,Electrical installation service,Kampala,,1,Low,no,Not contacted,
Ssenkooto John Paul,Electrical,+256774488717,https://wa.me/256774488717,Electrician,Entebbe,Entebbe Road,1,Low,no,Not contacted,
Mr Fix,Electrical,+256700478597,https://wa.me/256700478597,Repair service,Entebbe,3GW4+2P,1,Low,no,Not contacted,
Beny Quality Electricals,Electrical,+256750629181,https://wa.me/256750629181,Electrician,Jinja,,1,Low,no,Not contacted,
MUHAMMED K THE POWER GUYS ELECTRICAL ENGINEERING,Electrical,+256701732176,https://wa.me/256701732176,Electrician,Mukono,Kiwanga Rd,1,Low,no,Not contacted,
MUTAKI de ELECTRICIAN,Electrical,+256770894662,https://wa.me/256770894662,Electrician,Mukono,,1,Low,no,Not contacted,
MASOB D&S ENGINEERING SOLUTIONS,Electrical,+256761192454,https://wa.me/256761192454,Electrical installation service,Gulu,Tom lalobo road,1,Low,no,Not contacted,
St. Pio Electrical Centre Gulu,Electrical,+256752329753,https://wa.me/256752329753,Electrical supply store,Gulu,Plot 84 Acholi Rd,1,Low,no,Not contacted,
ENERGIES FOR BUILDING COMMUNITIES,Electrical,+256764156945,https://wa.me/256764156945,Electrical installation service,Mbarara,Kampala Road,1,Low,no,Not contacted,
Hakeem technologies Koranorya,Electrical,+256788465472,https://wa.me/256788465472,Electrical installation service,Mbarara,9MV3+6W7,1,Low,no,Not contacted,
Bentech Electrical services,Electrical,+256777755409,https://wa.me/256777755409,Electrical installation service,Arua,"2W8J+5W9, Adrale close",1,Low,no,Not contacted,
Power Primes Electrical Engineering solutions,Electrical,+256772462824,https://wa.me/256772462824,Electrical engineer,Arua,Arua Jiako,1,Low,no,Not contacted,
5 star electrical enterprises,Electrical,+256781365733,https://wa.me/256781365733,Electrical supply store,Arua,Opposite Arua main market,1,Low,no,Not contacted,
DS ELECTRICAL SERVICES,Electrical,+256779272937,https://wa.me/256779272937,Electrical engineer,Arua,Owiny Dollo street,1,Low,no,Not contacted,
Riya rahi ent. Electrical supply shop,Electrical,+256775426634,https://wa.me/256775426634,Electrical supply store,Lira,plot 42 Lira - Soroti Rd,1,Low,no,Not contacted,
AUTOTECH ELECTRICALS,Electrical,+256784895333,https://wa.me/256784895333,Electrical installation service,Tororo,"P633+FRV, Kapenya Road",1,Low,no,Not contacted,
AYJ POWER SERVICES BUSIA LIMITED,Electrical,+256781779920,https://wa.me/256781779920,Electrical installation service,Tororo,Mawero,1,Low,no,Not contacted,
Triple 2 electrical,Electrical,+256778434853,https://wa.me/256778434853,Electrical installation service,Kampala,"8JRW+386, Kabaka Rd",0,Low,no,Not contacted,
JS electric solutions,Electrical,+256703646951,https://wa.me/256703646951,Electrical installation service,Kampala,"Heardline, Kinawataka rd",0,Low,no,Not contacted,
Modern installations electrical contractors ltd,Electrical,+256752973373,https://wa.me/256752973373,Electrical contractor,Kampala,,0,Low,no,Not contacted,
Electrical Technician,Electrical,+256783133796,https://wa.me/256783133796,Electrician,Entebbe,Abayita ababili,0,Low,no,Not contacted,
Rwenz Brothers Development Company,Electrical,+256758052635,https://wa.me/256758052635,Electrician,Entebbe,3F6F+F5W,0,Low,no,Not contacted,
DE'SERA ENGINEERING SERVICES LIMITED,Electrical,+256751859571,https://wa.me/256751859571,Electrical engineer,Entebbe,,0,Low,no,Not contacted,
MWESIGWA TECHNOLOGIES LTD,Electrical,+256745452405,https://wa.me/256745452405,Electrician,Jinja,Bugembe,0,Low,no,Not contacted,
Lamm Electrical and Electronics services,Electrical,+256702063570,https://wa.me/256702063570,Electrician,Jinja,,0,Low,no,Not contacted,
dm electrical services,Electrical,+256784741424,https://wa.me/256784741424,Electrician,Jinja,"C6H7+V6F, Clive Rd",0,Low,no,Not contacted,
Bright and power electrical engineering,Electrical,+256745969543,https://wa.me/256745969543,Electrical installation service,Jinja,"wanyange, Old Kakira Rd",0,Low,no,Not contacted,
W.T.S Technical services solar tech,Electrical,+256754331053,https://wa.me/256754331053,Electrician,Jinja,Kikondo landing site,0,Low,no,Not contacted,
PRO-WELD,Electrical,+256755048642,https://wa.me/256755048642,Electrician,Jinja,Plot 8 kyalya kanobe,0,Low,no,Not contacted,
PLANNED HUSTLER,Electrical,+256707313355,https://wa.me/256707313355,Electrician,Mukono,,0,Low,no,Not contacted,
Power Electrical Engineers,Electrical,+256758667919,https://wa.me/256758667919,Electrician,Mukono,,0,Low,no,Not contacted,
AF Electricals,Electrical,+256754995566,https://wa.me/256754995566,Electrician,Mukono,9MGP+3M,0,Low,no,Not contacted,
BL4CK ELECTRONICS,Electrical,+256740838099,https://wa.me/256740838099,Electrician,Mukono,,0,Low,no,Not contacted,
RICH PHONE SERVICE CENTRE,Electrical,+256760899292,https://wa.me/256760899292,Repair service,Mukono,,0,Low,no,Not contacted,
Gene Seed Enterprises Gulu Electrical,Electrical,+256780869624,https://wa.me/256780869624,Electrical installation service,Gulu,Jomo Kenyatta Rd,0,Low,no,Not contacted,
G pop electronics,Electrical,+256771627428,https://wa.me/256771627428,Electrician,Gulu,Gulu - Kitgum Rd,0,Low,no,Not contacted,
LIBES ELECTRICAL,Electrical,+256785046768,https://wa.me/256785046768,Electrical installation service,Gulu,Q843+66V,0,Low,no,Not contacted,
Laliya Electrical Technical Services,Electrical,+256789158551,https://wa.me/256789158551,Electrical engineer,Gulu,R74J+6Q3,0,Low,no,Not contacted,
ROBERT AND SONS ELECTRICAL SERVICES GULU,Electrical,+256785584684,https://wa.me/256785584684,Engineer,Gulu,Gulu - Kitgum Rd,0,Low,no,Not contacted,
N&B electricals,Electrical,+256785965497,https://wa.me/256785965497,Electrical installation service,Mbarara,9MV7+9C3,0,Low,no,Not contacted,
Ruti electrical engineering services,Electrical,+256745115010,https://wa.me/256745115010,Electrical installation service,Mbarara,9J8C+V27,0,Low,no,Not contacted,
AKB electrical engineering solutions,Electrical,+256703184537,https://wa.me/256703184537,Electrical engineer,Mbarara,Bishop Willis Rd,0,Low,no,Not contacted,
Rk electrical and satellite services,Electrical,+256705536799,https://wa.me/256705536799,Electrician,Mbarara,,0,Low,no,Not contacted,
GY ELECTRICAL SERVICES,Electrical,+256759825361,https://wa.me/256759825361,Electrical engineer,Mbarara,Bucunku Road,0,Low,no,Not contacted,
BLUE RISE(U) LTD,Electrical,+256784011333,https://wa.me/256784011333,Electrician,Mbarara,,0,Low,no,Not contacted,
Prime Electrical,Electrical,+256781880511,https://wa.me/256781880511,Electrical engineer,Fort Portal,Kahungabunyonyi,0,Low,no,Not contacted,
Fortlights,Electrical,+256758518047,https://wa.me/256758518047,Electrician,Fort Portal,Kahunga Bunyonyi,0,Low,no,Not contacted,
Alphine electronics kabundaire,Electrical,+256783087156,https://wa.me/256783087156,Electrician,Fort Portal,"M74G+WGX, Kabundaire Rd",0,Low,no,Not contacted,
Fortpower Electricals U ltd,Electrical,+256787172153,https://wa.me/256787172153,Electrical installation service,Fort Portal,Bwamba Rd,0,Low,no,Not contacted,
Electrap Electricals Services,Electrical,+256703033169,https://wa.me/256703033169,Engineering consultant,Fort Portal,"Sts. Paul, Harukooto",0,Low,no,Not contacted,
ONE MIC TECHNICIAN DJ,Electrical,+256776276670,https://wa.me/256776276670,Electrician,Fort Portal,Futi Butangwa,0,Low,no,Not contacted,
MJona electricals,Electrical,+256779330669,https://wa.me/256779330669,Electrical installation service,Arua,"Wadriff road, Hospital Rd",0,Low,no,Not contacted,
Mari Electrical Contractors Limited,Electrical,+256781361740,https://wa.me/256781361740,Electrical engineer,Arua,Awindiri Arua Kampala Highway,0,Low,no,Not contacted,
MASTER SIMON'S WAY (MSW),Electrical,+256775464159,https://wa.me/256775464159,Electrician,Arua,Arua City,0,Low,no,Not contacted,
Remal Consults Limited,Electrical,+256776035743,https://wa.me/256776035743,Electrician,Arua,,0,Low,no,Not contacted,
Gridline Electrical Service & supply Ltd,Electrical,+256788253636,https://wa.me/256788253636,Electrical installation service,Lira,Oyite Ojok Lane,0,Low,no,Not contacted,
Maralink power solutions,Electrical,+256777313156,https://wa.me/256777313156,Electrical installation service,Lira,Rwot Aler Road,0,Low,no,Not contacted,
El Roi Electrical,Electrical,+256776105168,https://wa.me/256776105168,Electrician,Lira,,0,Low,no,Not contacted,
Kitty Electrical services,Electrical,+256780245988,https://wa.me/256780245988,Electrical installation service,Lira,7V4W+7FH,0,Low,no,Not contacted,
Kwoyelo's @,Electrical,+256780778209,https://wa.me/256780778209,Electrician,Lira,Imat Katherina rd,0,Low,no,Not contacted,
Dream electrical uganda,Electrical,+256777187165,https://wa.me/256777187165,Electrical supply store,Lira,,0,Low,no,Not contacted,
Oyite Ojok Lane Electrical,Electrical,+256775222978,https://wa.me/256775222978,Electrical installation service,Lira,6VQR+5C7,0,Low,no,Not contacted,
Mukembo Meddie,Electrical,+256756209142,https://wa.me/256756209142,Electrician,Iganga,Saza Rd,0,Low,no,Not contacted,
Grantkakix electric engineer,Electrical,+256747117917,https://wa.me/256747117917,Electrical engineer,Iganga,Jinja-Tororo Rd,0,Low,no,Not contacted,
Juraij Company Limited,Electrical,+256754448075,https://wa.me/256754448075,Electrical installation service,Iganga,"Plot 85, Ngobi Road",0,Low,no,Not contacted,
Ict & electricity masters Iganga,Electrical,+256760615750,https://wa.me/256760615750,Electrician,Iganga,,0,Low,no,Not contacted,
DAGO ELECTRICAL CO,Electrical,+256773406618,https://wa.me/256773406618,Electrician,Soroti,,0,Low,no,Not contacted,
JOBSYTE ELECTRICALS,Electrical,+256761222280,https://wa.me/256761222280,Electrician,Soroti,"Plot 31 Gweri, Ecwou Road",0,Low,no,Not contacted,
OGUTH ENTERPRISES,Electrical,+256764509399,https://wa.me/256764509399,Electrical installation service,Soroti,PJ87+X69,0,Low,no,Not contacted,
Lexsons electrical and general service limited,Electrical,+256755622246,https://wa.me/256755622246,Engineer,Soroti,"market, Campswahili",0,Low,no,Not contacted,
KALAZO ELECTRICAL SERVICES,Electrical,+256775855990,https://wa.me/256775855990,Electrical engineer,Kampala,"Buyinja zone, Namugongo Road",10,Medium,yes,Not contacted,
Pandora Digital Smart Meters,Electrical,+256700366742,https://wa.me/256700366742,Electrical installation service,Mbarara,Pandora Meters House,10,Medium,yes,Not contacted,
UEDCL MBARARA OFFICE,Electrical,+256772285285,https://wa.me/256772285285,Electric utility company,Mbarara,,10,Medium,yes,Not contacted,
Ismail Wiring,Electrical,+256751671067,https://wa.me/256751671067,Electric utility company,Arua,Drivers Corner,8,Medium,yes,Not contacted,
GODELECTRICS Uganda,Electrical,+256764945784,https://wa.me/256764945784,Electrician,Kampala,,3,Low,yes,Not contacted,
IMEXOLUTIONS UGANDA LTD,Electrical,+256745629205,https://wa.me/256745629205,Electrical installation service,Mukono,Namanve,2,Low,yes,Not contacted,
Madhav Energy Uganda Limited,Electrical,+256748182904,https://wa.me/256748182904,Power plant consultant,Mukono,"Namanve Industrial Park, Sonde Rd",2,Low,yes,Not contacted,
Electricitas DaVinci,Electrical,+256708794806,https://wa.me/256708794806,Electrical installation service,Entebbe,"Kitala, Broadway",1,Low,yes,Not contacted,
Phase Electricals,Electrical,+256700214401,https://wa.me/256700214401,Electrical engineer,Mbarara,Bishop Willis Rd,1,Low,yes,Not contacted,
STEPHLINE ELECTRICALS,Electrical,+256777113663,https://wa.me/256777113663,Electrician,Entebbe,,0,Low,yes,Not contacted,
Ron electrical service gulu,Electrical,+256778801010,https://wa.me/256778801010,Electrical engineer,Gulu,"Layibi railway crossing, Kampala - Gulu Hwy",0,Low,yes,Not contacted,
CCK POWER SOLUTIONS,Electrical,+256778563252,https://wa.me/256778563252,Electrical installation service,Mbarara,Mbarara - Masaka Rd,0,Low,yes,Not contacted,
X-pat electricals,Electrical,+256781075187,https://wa.me/256781075187,Electrical installation service,Mbarara,9MX2+VFR,0,Low,yes,Not contacted,
SAGA ELECTRICAL AND POWER LINES SOLUTIONS,Electrical,+256790326281,https://wa.me/256790326281,Electrician,Fort Portal,Kahungabunyonyi,0,Low,yes,Not contacted,
DESTINY POWER CONSULT,Electrical,+256789384285,https://wa.me/256789384285,Electrical installation service,Lira,Maruzi Road,0,Low,yes,Not contacted,
Bugabwe electronics,Electrical,+256755684538,https://wa.me/256755684538,Electrician,Iganga,Mayuge Road,0,Low,yes,Not contacted,
New Navin Enterprises Ltd.,Plumbing,+256772422775,https://wa.me/256772422775,Hardware store,Mbarara,"9MV6+RGJ, Makhan singh street",22,High,no,Not contacted,
Apollo Hardware,Plumbing,+256702195642,https://wa.me/256702195642,Hardware store,Jinja,"C6H7+P4J, Oboja Rd",20,High,no,Not contacted,
Genius plumbing services and contractors,Plumbing,+256754351876,https://wa.me/256754351876,Plumber,Kampala,Bawalakata Rd,19,Medium,no,Not contacted,
L.A house of plumbing,Plumbing,+256789097468,https://wa.me/256789097468,Plumber,Entebbe,,17,Medium,no,Not contacted,
Lonas engineering works (U) ltd,Plumbing,+256770582617,https://wa.me/256770582617,Construction company,Jinja,"Busoga house, Main St",17,Medium,no,Not contacted,
Patwin plumbing solutions co.Ltd,Plumbing,+256757228801,https://wa.me/256757228801,Plumber,Kampala,near bahai temple,13,Medium,no,Not contacted,
Barya Hardware,Plumbing,+256701530793,https://wa.me/256701530793,Hardware store,Mbarara,9MX7+288,13,Medium,no,Not contacted,
WAMPAMBA MODERN PLUMBERS,Plumbing,+256776616997,https://wa.me/256776616997,Plumber,Kampala,,7,Medium,no,Not contacted,
Klean plumbers Kampala Ug,Plumbing,+256701748090,https://wa.me/256701748090,Plumber,Kampala,,6,Medium,no,Not contacted,
SJ CONSTRUCTIONS COMPANY LTD,Plumbing,+256701984034,https://wa.me/256701984034,Construction company,Entebbe,mayors gardens,6,Medium,no,Not contacted,
STRUFIX CONTRACTORS (U) LTD,Plumbing,+256777702745,https://wa.me/256777702745,Construction company,Soroti,"Plot 8, Akisim Road",6,Medium,no,Not contacted,
Jemo Solutions Plumbing Store,Plumbing,+256787577983,https://wa.me/256787577983,Hardware store,Soroti,Market Ln,6,Medium,no,Not contacted,
BAWA PLUMBING SOLUTIONS JINJA CITY UGANDA,Plumbing,+256701035384,https://wa.me/256701035384,Plumber,Jinja,"Central Market, Alidina Rd",5,Medium,no,Not contacted,
TIM PLUMBERS,Plumbing,+256706775233,https://wa.me/256706775233,Plumber,Jinja,Entebbe road Kawuku-nakawuka road,5,Medium,no,Not contacted,
God's plan plumbing shop,Plumbing,+256781078628,https://wa.me/256781078628,Plumbing supply store,Mbarara,,5,Medium,no,Not contacted,
Ave Maria Hardware,Plumbing,+256785737081,https://wa.me/256785737081,Plumbing supply store,Fort Portal,Kahiju Fort Portal,5,Medium,no,Not contacted,
AVAILABLE PLUMBERS UG,Plumbing,+256726050233,https://wa.me/256726050233,Plumber,Jinja,,4,Low,no,Not contacted,
BUM PLUMBING AND WATER SYSTEMS COMPANY (U) LTD,Plumbing,+256706750821,https://wa.me/256706750821,Corporate office,Jinja,Pilkington Rd,4,Low,no,Not contacted,
H & RAY PLUMBING CENTER,Plumbing,+256777106906,https://wa.me/256777106906,Hardware store,Fort Portal,mukitembe Road,4,Low,no,Not contacted,
Ozarks Engineering Ltd,Plumbing,+256780947075,https://wa.me/256780947075,General contractor,Kampala,Kavulu Cl,3,Low,no,Not contacted,
Geem Plumbing solutions,Plumbing,+256703644825,https://wa.me/256703644825,Plumber,Kampala,Ebenezer Cl,3,Low,no,Not contacted,
MUHOOLI PLUMBING SERVICES,Plumbing,+256708899021,https://wa.me/256708899021,Plumber,Kampala,Sentema Rd,3,Low,no,Not contacted,
KANDE SENIOR PLUMBERS,Plumbing,+256752679920,https://wa.me/256752679920,Plumber,Entebbe,2FX7+6F8,3,Low,no,Not contacted,
Biodigester Kings Uganda,Plumbing,+256757870378,https://wa.me/256757870378,Construction company,Entebbe,Kasenyi Road,3,Low,no,Not contacted,
Bum Plumbing And Home Water Systems Co. (U) ltd,Plumbing,+256706032860,https://wa.me/256706032860,Water works,Jinja,8HXM+22M,3,Low,no,Not contacted,
JK NAPOLEON PLUMBING SOLUTIONS,Plumbing,+256741856326,https://wa.me/256741856326,Plumbing supply store,Jinja,Market Square Rd,3,Low,no,Not contacted,
Master Plumbers,Plumbing,+256702446870,https://wa.me/256702446870,Plumber,Jinja,Namasuba Entebbe rd,3,Low,no,Not contacted,
Cw plumbing services,Plumbing,+256787020621,https://wa.me/256787020621,Plumbing supply store,Kampala,bukasa zone,2,Low,no,Not contacted,
LOBE BUILDER'S POINT LIMITED (HARDWARE SHOP),Plumbing,+256759234998,https://wa.me/256759234998,Plumber,Kampala,Kamuli Rd,2,Low,no,Not contacted,
K51 plumbing solutions,Plumbing,+256755107451,https://wa.me/256755107451,Plumber,Kampala,Luwum St,2,Low,no,Not contacted,
V& S Plumbers,Plumbing,+256750485062,https://wa.me/256750485062,Plumber,Kampala,1800 Namilyango Rd,2,Low,no,Not contacted,
NXT CONSTRUCTION COMPANY,Plumbing,+256786768872,https://wa.me/256786768872,Construction company,Entebbe,Bunono,2,Low,no,Not contacted,
Smart plumbers and water solution ltd,Plumbing,+256751474537,https://wa.me/256751474537,Plumber,Jinja,NDEJJE LUFUKA,2,Low,no,Not contacted,
Zimshafpy plumber,Plumbing,+256701147495,https://wa.me/256701147495,Plumber,Jinja,,2,Low,no,Not contacted,
WATERPOL PLUMBING SERVICES LTD,Plumbing,+256753884041,https://wa.me/256753884041,Plumbing supply store,Jinja,Nabugabo Road,2,Low,no,Not contacted,
Five Star Plumbers Limited,Plumbing,+256778500575,https://wa.me/256778500575,Irrigation equipment supplier,Jinja,"Penn Station, 7th street",2,Low,no,Not contacted,
Drainage Cleaning Plumbers Kampala,Plumbing,+256702869147,https://wa.me/256702869147,Training center,Jinja,Kampala Rd,2,Low,no,Not contacted,
Plumbing World Kiteezi,Plumbing,+256757788413,https://wa.me/256757788413,Plumber,Jinja,,2,Low,no,Not contacted,
RAYMON PLUMBING CONTRACTORS,Plumbing,+256702687033,https://wa.me/256702687033,Water works,Mbarara,Mbarara and country wide,2,Low,no,Not contacted,
Gestic Technical Services/Plumbers {GTS},Plumbing,+256703175061,https://wa.me/256703175061,Plumber,Mbarara,,2,Low,no,Not contacted,
Wilbert Hardware And Interior Designers,Plumbing,+256778304640,https://wa.me/256778304640,Hardware store,Mbarara,Cleveland road Mbarara City North,2,Low,no,Not contacted,
Plaza Plumbing Suppliers Ltd (Fortportal),Plumbing,+256759771784,https://wa.me/256759771784,Building materials supplier,Fort Portal,Bwamba Rd,2,Low,no,Not contacted,
Cosmopolitan Engineering Services Limited,Plumbing,+256777555448,https://wa.me/256777555448,Construction company,Arua,Plot 12,2,Low,no,Not contacted,
Apex proficient plumbing and irregation services,Plumbing,+256702291176,https://wa.me/256702291176,Appliance parts supplier,Kampala,"office road, Bweyogere kiringa @ wakiso, Kito LC 1 Rd",1,Low,no,Not contacted,
Kyeyune Plumbing Hardware,Plumbing,+256783064507,https://wa.me/256783064507,Plumber,Kampala,,1,Low,no,Not contacted,
STS WATER SOLUTIONS,Plumbing,+256702892059,https://wa.me/256702892059,Plumber,Kampala,,1,Low,no,Not contacted,
Surefix Plumbers ug,Plumbing,+256789855237,https://wa.me/256789855237,Plumber,Kampala,Bulabira Rd,1,Low,no,Not contacted,
KASIM PLUMBING SERVICES LTD,Plumbing,+256756256495,https://wa.me/256756256495,Plumber,Kampala,KIWANGA,1,Low,no,Not contacted,
JJ PLUMBING SERVICES,Plumbing,+256708400706,https://wa.me/256708400706,Plumber,Kampala,,1,Low,no,Not contacted,
IDEAL PLUMBERS CO LTD,Plumbing,+256755284850,https://wa.me/256755284850,Plumber,Kampala,Kasangati Road Near Kira Roundabout,1,Low,no,Not contacted,
Mahad Plumbing Services,Plumbing,+256703434980,https://wa.me/256703434980,Plumbing supply store,Kampala,Jambula,1,Low,no,Not contacted,
Steamfitterplumbers co.ltd,Plumbing,+256756872100,https://wa.me/256756872100,Plumber,Kampala,kitunzi,1,Low,no,Not contacted,
"Kiasan Tech & Plumbing ""U"" Ltd",Plumbing,+256701913438,https://wa.me/256701913438,Plumber,Kampala,"opposite vivo energies, Eighth St",1,Low,no,Not contacted,
H2O plumbers.ug,Plumbing,+256744532297,https://wa.me/256744532297,Plumber,Kampala,kitunzi,1,Low,no,Not contacted,
JAMES PLUMBERS,Plumbing,+256700915478,https://wa.me/256700915478,Plumbing supply store,Kampala,Kikajjo Rd,1,Low,no,Not contacted,
Alemaant investments ltd,Plumbing,+256757714864,https://wa.me/256757714864,General contractor,Jinja,Cathedral road Bugembe,1,Low,no,Not contacted,
Induct Amptech Limited,Plumbing,+256753863490,https://wa.me/256753863490,Construction company,Jinja,Main St,1,Low,no,Not contacted,
Omillan multi- services ltd,Plumbing,+256706089000,https://wa.me/256706089000,Construction company,Jinja,Gokhale Rd,1,Low,no,Not contacted,
Kamuli Sustainable Energy Company Limited (KASECO),Plumbing,+256787239052,https://wa.me/256787239052,Plumber,Jinja,,1,Low,no,Not contacted,
William Plumbing Corner,Plumbing,+256776352307,https://wa.me/256776352307,Plumbing supply store,Jinja,Kampala Trade Center Building,1,Low,no,Not contacted,
Willis plumbing solutions,Plumbing,+256787882779,https://wa.me/256787882779,Plumber,Jinja,Bugema,1,Low,no,Not contacted,
Mahi Plumbing Suppliers Ltd,Plumbing,+256709163159,https://wa.me/256709163159,Hardware store,Jinja,14a Kibira Rd,1,Low,no,Not contacted,
Painter's and Plumber's world,Plumbing,+256772864949,https://wa.me/256772864949,Home builder,Jinja,8G9R+3P6,1,Low,no,Not contacted,
Capital Plumbers U Ltd,Plumbing,+256752891167,https://wa.me/256752891167,Plumber,Jinja,Mawanda Road Kamwokya,1,Low,no,Not contacted,
MAMERI WILS ENGINEERING LTD,Plumbing,+256776829918,https://wa.me/256776829918,Construction company,Gulu,Q7FQ+P7,1,Low,no,Not contacted,
Twoplex Design and Construction Ltd,Plumbing,+256789613991,https://wa.me/256789613991,Construction company,Gulu,,1,Low,no,Not contacted,
Mini Price Interiors,Plumbing,+256747578338,https://wa.me/256747578338,Plumbing supply store,Mbarara,Mackansigh St,1,Low,no,Not contacted,
Crew engineering services ltd,Plumbing,+256702590747,https://wa.me/256702590747,Plumber,Mbarara,,1,Low,no,Not contacted,
Cream General and Technical Services Ltd.,Plumbing,+256779549211,https://wa.me/256779549211,Construction company,Mbarara,"Plot 49, Kitunzi, Kakyeka Rd",1,Low,no,Not contacted,
Mugish Art Point Services,Plumbing,+256782537418,https://wa.me/256782537418,Construction company,Arua,Rhino Camp Rd,1,Low,no,Not contacted,
Flux engineering and technical services,Plumbing,+256751835670,https://wa.me/256751835670,Plumber,Mukono,Mukono,1,Low,no,Not contacted,
OM GENERAL HARDWARE LTD,Plumbing,+256706292920,https://wa.me/256706292920,Plumbing supply store,Mukono,Namanve Industrial Park,1,Low,no,Not contacted,
MIAH PLUMBING SERVICES,Plumbing,+256785410042,https://wa.me/256785410042,Plumber,Kampala,,0,Low,no,Not contacted,
Ngobya Technical Services,Plumbing,+256702324327,https://wa.me/256702324327,Plumber,Kampala,Kireka Kampala,0,Low,no,Not contacted,
Joseph plumbing and tiling solutions,Plumbing,+256780587031,https://wa.me/256780587031,Plumber,Kampala,Kakajjo,0,Low,no,Not contacted,
Timo plumbing services,Plumbing,+256703833469,https://wa.me/256703833469,Construction company,Kampala,bombay Kirinya-Bukasa Road,0,Low,no,Not contacted,
MatovuFrank,Plumbing,+256756984300,https://wa.me/256756984300,Plumber,Kampala,,0,Low,no,Not contacted,
Wap plumbing services,Plumbing,+256755384347,https://wa.me/256755384347,Plumbing supply store,Kampala,Old Butabika Rd,0,Low,no,Not contacted,
Brizzy plumbing company,Plumbing,+256757195824,https://wa.me/256757195824,Plumber,Kampala,,0,Low,no,Not contacted,
Atuhwere Plumbers Ltd,Plumbing,+256789557576,https://wa.me/256789557576,Plumber,Kampala,,0,Low,no,Not contacted,
Loyal plumbers Entebbe in,Plumbing,+256760385384,https://wa.me/256760385384,Plumber,Entebbe,Kampla Entebbe,0,Low,no,Not contacted,
JIMTEX MASTER PLUMBERS & BIO DIGESTER ENTEBBE,Plumbing,+256756034059,https://wa.me/256756034059,Plumber,Entebbe,Kabale Road,0,Low,no,Not contacted,
M & N PLUMBERS,Plumbing,+256706815515,https://wa.me/256706815515,Plumber,Entebbe,0000,0,Low,no,Not contacted,
Chap city plumbing solutions,Plumbing,+256756293282,https://wa.me/256756293282,Plumber,Entebbe,Lunnyo,0,Low,no,Not contacted,
Jvt expert plumbers,Plumbing,+256746314996,https://wa.me/256746314996,Engineering consultant,Entebbe,3F6F+X4W,0,Low,no,Not contacted,
SmartLink infrastructure and utilities,Plumbing,+256766051267,https://wa.me/256766051267,Plumber,Entebbe,Lulongo buwaya Katabi,0,Low,no,Not contacted,
Patrick plumbing solutions,Plumbing,+256703648473,https://wa.me/256703648473,Plumbing supply store,Entebbe,Busambaga Rd,0,Low,no,Not contacted,
Plop Plumbing Services,Plumbing,+256708137223,https://wa.me/256708137223,Plumber,Entebbe,,0,Low,no,Not contacted,
ARTEMIS WORKS UG LTD,Plumbing,+256772504301,https://wa.me/256772504301,Plumbing supply store,Entebbe,,0,Low,no,Not contacted,
MJ CONSTRUCTION COMPANY,Plumbing,+256756639088,https://wa.me/256756639088,Construction company,Entebbe,Nkumba,0,Low,no,Not contacted,
Ssenyonyi Graceline Construction Ltd,Plumbing,+256751500791,https://wa.me/256751500791,Construction company,Entebbe,Entebbe Division B,0,Low,no,Not contacted,
Misanvu Constructions & Works,Plumbing,+256759377292,https://wa.me/256759377292,Plumber,Entebbe,,0,Low,no,Not contacted,
Smith Construction Consultancy Agency,Plumbing,+256700304212,https://wa.me/256700304212,Construction company,Entebbe,"Nkumba, Kasenyi Road",0,Low,no,Not contacted,
KAREVER PLUMBERS,Plumbing,+256752176664,https://wa.me/256752176664,Plumbing supply store,Entebbe,Bwerenga Rd,0,Low,no,Not contacted,
Jab Concepts Ltd,Plumbing,+256772054064,https://wa.me/256772054064,Construction company,Entebbe,Kampala Road,0,Low,no,Not contacted,
Tile fixers Entebbe,Plumbing,+256755022242,https://wa.me/256755022242,Plumber,Entebbe,,0,Low,no,Not contacted,
Ssozi construction and plumbing company ltd,Plumbing,+256789161721,https://wa.me/256789161721,Construction company,Entebbe,Kawuku Entebbe road,0,Low,no,Not contacted,
LUKANGA PLUMBING SERVICES,Plumbing,+256703414494,https://wa.me/256703414494,Plumber,Entebbe,Entebbe Rd - Kawuku - Nakawuka Rd,0,Low,no,Not contacted,
Trust plumbing service center,Plumbing,+256705719437,https://wa.me/256705719437,Hardware store,Jinja,"Jinja, Iganga, Kaliro",0,Low,no,Not contacted,
Tonka Construction Company Limited,Plumbing,+256752501512,https://wa.me/256752501512,Construction company,Jinja,"C6M7+R28, Main St",0,Low,no,Not contacted,
UgaFIX,Plumbing,+256756355785,https://wa.me/256756355785,Plumber,Jinja,,0,Low,no,Not contacted,
PLUMBERS ARENA,Plumbing,+256753119807,https://wa.me/256753119807,Plumbing supply store,Jinja,"Mukono, Jinja road seeta",0,Low,no,Not contacted,
Sj classy plumbers,Plumbing,+256759597946,https://wa.me/256759597946,Plumber,Jinja,,0,Low,no,Not contacted,
Erycom Plumbing Services,Plumbing,+256787853377,https://wa.me/256787853377,Plumbing supply store,Jinja,,0,Low,no,Not contacted,
Lule Ronald (plumbing services),Plumbing,+256782342014,https://wa.me/256782342014,Social services organization,Jinja,,0,Low,no,Not contacted,
WB CONSTRUCTION AND FINISHING SERVICES,Plumbing,+256774843383,https://wa.me/256774843383,Plumber,Jinja,,0,Low,no,Not contacted,
PLUMBER'S JOY STORE,Plumbing,+256772508657,https://wa.me/256772508657,Home builder,Jinja,central ring road,0,Low,no,Not contacted,
Finest Plumbing Store,Plumbing,+256702727574,https://wa.me/256702727574,Store,Jinja,8H8J+3JH,0,Low,no,Not contacted,
MULTI STAR PLUMBERS,Plumbing,+256701809065,https://wa.me/256701809065,Plumbing supply store,Jinja,"9PF6+8CG, Bukerere Rd",0,Low,no,Not contacted,
Quality plumbers Kampala Uganda,Plumbing,+256760703005,https://wa.me/256760703005,Plumbing supply store,Jinja,"9JV6+576, Kungu Road",0,Low,no,Not contacted,
24HOURS PLUMBING,Plumbing,+256775192751,https://wa.me/256775192751,Plumber,Jinja,,0,Low,no,Not contacted,
PrimeLine Plumbing,Plumbing,+256790897090,https://wa.me/256790897090,Plumbing supply store,Jinja,"Namugongo, 25625",0,Low,no,Not contacted,
Smart Choice Plumber,Plumbing,+256759427714,https://wa.me/256759427714,Plumber,Jinja,"Kakoola, Ndejje Rd",0,Low,no,Not contacted,
Fs plumbing services,Plumbing,+256781885696,https://wa.me/256781885696,Plumber,Jinja,,0,Low,no,Not contacted,
Mubra Plumbing Solutions Ltd,Plumbing,+256753156261,https://wa.me/256753156261,Plumber,Jinja,,0,Low,no,Not contacted,
Palca plumbing shop,Plumbing,+256780141635,https://wa.me/256780141635,Plumbing supply store,Gulu,Bank Ln,0,Low,no,Not contacted,
PATEK BER TRADERS,Plumbing,+256779938116,https://wa.me/256779938116,Plumbing supply store,Gulu,queens avenue,0,Low,no,Not contacted,
Ediart creative solution,Plumbing,+256755695600,https://wa.me/256755695600,Construction company,Gulu,Acholi Rd,0,Low,no,Not contacted,
Quantum Infrastructure Consultants,Plumbing,+256773929101,https://wa.me/256773929101,Plumber,Gulu,,0,Low,no,Not contacted,
F & J PLUMBERS UGANDA LTD,Plumbing,+256770303317,https://wa.me/256770303317,Civil engineering company,Mbarara,Bucunku Road,0,Low,no,Not contacted,
William plumbing tools,Plumbing,+256775064022,https://wa.me/256775064022,Water treatment supplier,Mbarara,Central street,0,Low,no,Not contacted,
Quality Plumbing Shop,Plumbing,+256704238268,https://wa.me/256704238268,Plumber,Mbarara,,0,Low,no,Not contacted,
Perez Excel Plumbing Shop and Services,Plumbing,+256789531815,https://wa.me/256789531815,Plumbing supply store,Mbarara,Kiyanja Kamukuzi Division,0,Low,no,Not contacted,
BUM PLUMBING & WATER SYSTEMS Co. (U) Ltd,Plumbing,+256771690927,https://wa.me/256771690927,Corporate office,Mbarara,Pilkington Road,0,Low,no,Not contacted,
PIUSTIC CONSTRUCTION AND COMPOUND DESIGNERS,Plumbing,+256776408470,https://wa.me/256776408470,Construction company,Mbarara,Ankole and surrounding regions,0,Low,no,Not contacted,
Mutaho civil and electrical engineering company ltd,Plumbing,+256772582608,https://wa.me/256772582608,Construction company,Mbarara,"Adit building, Mbarara - Masaka Rd",0,Low,no,Not contacted,
Tushak Technical Services Ltd,Plumbing,+256775001924,https://wa.me/256775001924,Construction company,Mbarara,"NYAMITANGA DIVISION, KATETE",0,Low,no,Not contacted,
"Modern ceramics, Tiles & plumbing outlet",Plumbing,+256784130953,https://wa.me/256784130953,Plumber,Mbarara,,0,Low,no,Not contacted,
Genesis Plumbing SOLNS,Plumbing,+256707092448,https://wa.me/256707092448,Plumber,Mbarara,,0,Low,no,Not contacted,
Shafik plumbing services kyegegwa,Plumbing,+256777135251,https://wa.me/256777135251,Plumbing supply store,Fort Portal,Kyegegwa,0,Low,no,Not contacted,
O' GUZI PLUMBING SOLUTIONS,Plumbing,+256786685628,https://wa.me/256786685628,Consultant,Lira,"LORO, Oyam Rd",0,Low,no,Not contacted,
BOKES PLUMBING HARDWARE,Plumbing,+256772292610,https://wa.me/256772292610,Plumbing supply store,Lira,Plot 24 Aroma Lane,0,Low,no,Not contacted,
EBERAH,Plumbing,+256786990972,https://wa.me/256786990972,Handyman,Lira,Kirimbe north B,0,Low,no,Not contacted,
Sovy Engineering works,Plumbing,+256774620255,https://wa.me/256774620255,Plumber,Lira,,0,Low,no,Not contacted,
mass plumbing and tiles hardware lira,Plumbing,+256777882507,https://wa.me/256777882507,Plumbing supply store,Lira,Olwol Rd,0,Low,no,Not contacted,
EGONGA PLUMBING SOLUTIONS- IGANGA,Plumbing,+256759776500,https://wa.me/256759776500,Plumber,Iganga,"IGANGA- NAKALAMA, VIA TIRINYI ROAD",0,Low,no,Not contacted,
Sight two business link,Plumbing,+256752584861,https://wa.me/256752584861,Plumber,Iganga,,0,Low,no,Not contacted,
EZEK CONTRACTORS LIMITED,Plumbing,+256785250276,https://wa.me/256785250276,Construction company,Tororo,"Osukuru along, Busia - Tororo",0,Low,no,Not contacted,
Innovation plumbing shop,Plumbing,+256786772166,https://wa.me/256786772166,Plumber,Soroti,"Opposite police barracks, old bus park",0,Low,no,Not contacted,
WATER TECH PLUMBING CONTRACTORS,Plumbing,+256781469952,https://wa.me/256781469952,Plumbing supply store,Soroti,Soroti- Dokolo Road,0,Low,no,Not contacted,
MAC'DONALDS HARDWARES,Plumbing,+256786593152,https://wa.me/256786593152,Plumbing supply store,Soroti,Popatlal road Solot avenue,0,Low,no,Not contacted,
JIM-TECH ENGINEERS' LTD,Plumbing,+256785984304,https://wa.me/256785984304,Construction company,Soroti,market,0,Low,no,Not contacted,
Sunsilk Ltd,Plumbing,+256757614014,https://wa.me/256757614014,Hardware store,Jinja,42 Oboja Rd,62,High,yes,Not contacted,
Elisa Urban Works ltd,Plumbing,+256776542114,https://wa.me/256776542114,Plumber,Kampala,Luwum St,49,High,yes,Not contacted,
Shukuran Plumbers Uganda Limited,Plumbing,+256701007500,https://wa.me/256701007500,Plumbing supply store,Kampala,"Nakivubo Trading Centre Building, Allen road, and Nakivubo Rd",43,High,yes,Not contacted,
Veepo Plumbing Solutions co.Ltd,Plumbing,+256755198429,https://wa.me/256755198429,Plumber,Kampala,,37,High,yes,Not contacted,
Plaza Plumbing Suppliers Ltd,Plumbing,+256772671727,https://wa.me/256772671727,Building materials supplier,Kampala,"GR Plaza, Industrial Area Sixth Street",37,High,yes,Not contacted,
HAGA WATER LIMITED,Plumbing,+256780498580,https://wa.me/256780498580,Plumber,Kampala,"spot complex, kasangati",33,High,yes,Not contacted,
Dmkw Company,Plumbing,+256783158385,https://wa.me/256783158385,Housing cooperative,Mukono,Ssonde Rd,33,High,yes,Not contacted,
Propel Construction & General Supplies Ltd,Plumbing,+256786330612,https://wa.me/256786330612,Construction company,Gulu,Odida Road,23,High,yes,Not contacted,
Kizito Plumbing Solutions,Plumbing,+256709498519,https://wa.me/256709498519,Plumber,Jinja,Salaama Rd,19,Medium,yes,Not contacted,
Kampala Plumber and Construction,Plumbing,+256709262264,https://wa.me/256709262264,Plumber,Kampala,,15,Medium,yes,Not contacted,
Hydro Concepts Uganda Limited,Plumbing,+256705973161,https://wa.me/256705973161,Drainage service,Kampala,Kulpoint company Uganda limited,14,Medium,yes,Not contacted,
Divo Plumbing Services,Plumbing,+256742832654,https://wa.me/256742832654,Plumber,Kampala,,12,Medium,yes,Not contacted,
TURSH WATERTECH UGANDA LTD,Plumbing,+256700852115,https://wa.me/256700852115,Plumber,Kampala,,9,Medium,yes,Not contacted,
KJ PLUMBING SOLUTION,Plumbing,+256705063078,https://wa.me/256705063078,Plumber,Kampala,,9,Medium,yes,Not contacted,
STELGAN ENGINEERING SOLUTION CO.LTD,Plumbing,+256778857786,https://wa.me/256778857786,Engineer,Entebbe,KAMPALA ENTEBBE ROAD,9,Medium,yes,Not contacted,
UNIQUE PLUMBERS UGANDA LTD,Plumbing,+256701897176,https://wa.me/256701897176,Construction company,Kampala,"Hass fuel station, Nalukolongo Opposite",6,Medium,yes,Not contacted,
NestCraft Construction,Plumbing,+256700870000,https://wa.me/256700870000,Construction company,Mbarara,"RUCSA Plaza, Mbarara - Masaka Rd",6,Medium,yes,Not contacted,
S AND J PLUMBERS UG LTD,Plumbing,+256704239784,https://wa.me/256704239784,Plumber,Kampala,"Luzira old, Port Bell Rd",5,Medium,yes,Not contacted,
PLENCO PLUMBING AND ENGINEERING COMPANY,Plumbing,+256751503292,https://wa.me/256751503292,Plumber,Jinja,"8HH6+QG8, kiwunya Rd",5,Medium,yes,Not contacted,
Mocak General Hardware,Plumbing,+256701284661,https://wa.me/256701284661,Plumbing supply store,Mbarara,Makhan Singh Street,5,Medium,yes,Not contacted,
VIBRANT PLUMBER'S U LTD,Plumbing,+256781668997,https://wa.me/256781668997,Plumber,Kampala,"market, Market St",2,Low,yes,Not contacted,
BATABAIRE CONSTRUCTIONS JINJA,Plumbing,+256756352289,https://wa.me/256756352289,Construction company,Jinja,complex,2,Low,yes,Not contacted,
Santana Construction Uganda,Plumbing,+256784403136,https://wa.me/256784403136,Construction company,Jinja,Wakoli Road,2,Low,yes,Not contacted,
Raphael plumber,Plumbing,+256753121414,https://wa.me/256753121414,Plumber,Kampala,Nakawa,1,Low,yes,Not contacted,
Drainteck Plumbers Limited,Plumbing,+256703910258,https://wa.me/256703910258,Home help service agency,Kampala,plot 23B Robert Mugabe Rd,1,Low,yes,Not contacted,
ForYou plumbing contractors,Plumbing,+256758919593,https://wa.me/256758919593,Plumber,Kampala,Gayaza -Kampala Rd,1,Low,yes,Not contacted,
G7 PLUMBING EXPERTS,Plumbing,+256773996497,https://wa.me/256773996497,Plumber,Kampala,,1,Low,yes,Not contacted,
Yesu Afayo Contractors Company,Plumbing,+256787918248,https://wa.me/256787918248,Construction company,Entebbe,Entebbe,1,Low,yes,Not contacted,
SUNDEX PLUMBING SOLUTIONS U LTD,Plumbing,+256709739812,https://wa.me/256709739812,Plumbing supply store,Jinja,Zaid Complex Arua Park,1,Low,yes,Not contacted,
Blessed plumbers located in nakawuka,Plumbing,+256789603354,https://wa.me/256789603354,Plumber,Jinja,Nakawuka,1,Low,yes,Not contacted,
Avant-Garde Distributors Mbarara,Plumbing,+256752626513,https://wa.me/256752626513,Water pump supplier,Mbarara,"Mackansighn Street, Plot 7/9",1,Low,yes,Not contacted,
Avant-Garde Distributors Arua,Plumbing,+256752627456,https://wa.me/256752627456,Water pump supplier,Arua,"Arua Central Market, Main Entrance Shop No: 1",1,Low,yes,Not contacted,
Kakulu Plumbers office,Plumbing,+256776972585,https://wa.me/256776972585,Plumber,Kampala,9JHG+8QQ,0,Low,yes,Not contacted,
Elly Chfy Plumbers,Plumbing,+256726464327,https://wa.me/256726464327,Plumber,Entebbe,,0,Low,yes,Not contacted,
KANGE SERVICES LTD,Plumbing,+256769058951,https://wa.me/256769058951,Construction company,Entebbe,Katabi Town Council,0,Low,yes,Not contacted,
DEMBA BROADWAY CONTRACTORS,Plumbing,+256772622677,https://wa.me/256772622677,Construction company,Entebbe,Busambaga Rd,0,Low,yes,Not contacted,
CMTengineersHUB,Plumbing,+256758070203,https://wa.me/256758070203,Plumber,Jinja,,0,Low,yes,Not contacted,
Benalfa Engineering Services Limited,Plumbing,+256774087057,https://wa.me/256774087057,Plumber,Jinja,,0,Low,yes,Not contacted,
Avant-Garde Distributors Jinja,Plumbing,+256750980631,https://wa.me/256750980631,Water pump supplier,Jinja,Napier road Opposite JCB Plaza,0,Low,yes,Not contacted,
SKL CONSTRUCTIONS LTD,Plumbing,+256707127651,https://wa.me/256707127651,Construction company,Jinja,Kampala - Jinja Hwy,0,Low,yes,Not contacted,
EDITH AND SONS HARDWARE SOLUTIONS,Plumbing,+256730578563,https://wa.me/256730578563,Plumber,Jinja,,0,Low,yes,Not contacted,
MEDIWA GENERAL HOLDINGS LIMITED,Plumbing,+256785191280,https://wa.me/256785191280,Construction company,Gulu,Pece Laroo Division,0,Low,yes,Not contacted,
Avant-Garde Distributors Gulu,Plumbing,+256752626375,https://wa.me/256752626375,Water pump supplier,Gulu,Awich road Opposite Main Bus Park,0,Low,yes,Not contacted,
DUSMAN CONTRACTORS,Plumbing,+256788688512,https://wa.me/256788688512,Construction company,Mbarara,Mbarara - Masaka Rd,0,Low,yes,Not contacted,
Akatare Jenga Stores Ltd,Plumbing,+256781922138,https://wa.me/256781922138,Construction material wholesaler,Mbarara,Kabale - Mbarara Rd,0,Low,yes,Not contacted,
Arua Biodigesters,Plumbing,+256794706171,https://wa.me/256794706171,Plumber,Arua,,0,Low,yes,Not contacted,
